sentences,sentiment
Bad,-1
I can't understand the method of teaching,0
Worst,-1
The instructor was interested in the students and their progress.,1
The instructor don't use any examples for explaination.,0
Teaching is good but always late to class,1
Explaination is poor,-1
Too worst.,-1
The teaching is slow. They stretch the same thing for a long time. That the students lose interest.,1
Very poor,-1
Filthy,0
Content dellivery is not good,-1
Bad,-1
The instructor showed familiarity with the course material.,0
Bad,-1
Excellent,1
Too fast,0
Explaination is very good,1
Bad,-1
Remarkable,1
Right on target,0
Excellent,1
Worst,-1
Bad,-1
Extraordinary,0
Fine teaching,1
Teachers are very professional,0
Proper teaching is done,0
Too worst.,-1
"very helpful.When you have a problem, they are always ready to help you.",1
Cooperation needed with students,0
Teacher can improve,1
Cooperative nature of teachers makes it easier for better learning,1
More hard work required,-1
The instructor made good use of examples and illustrations,1
Not good,-1
Filthy,0
Teachers are highly qualified but they should devote more time to students,1
The instructor Always made sure everyone understand explanations ,1
The instructor was available for individual discussion.,0
Interactive lectures are conducted by staff.,0
Bad,-1
They need to develop a friendly nature towards learners.,1
The instructor was  not available for individual discussion,0
Precise lecture notes and interesting contents.,1
All teachers are really well experienced and resourceful,1
Worst,-1
Good ,1
Not on time,0
Presentation skills are well.,1
Teachers are ready to teach students not only in classes but available to clear doubts in their free time,1
Well understandable concepts,1
Well planned and timely teaching is carried .,1
Worst,-1
average,0
The teacher interacted with whole class .,0
 the teachers prepare for the classes are very poorly,0
Filthy,0
very bad,-1
Teacher has less knowledge of their own subject.,0
Very creative lectures ,1
Good teaching techniques ,1
This is a magnificent academy with excelllent teachers,1
Filthy,0
Nice teaching,1
teaching is good,1
not good,-1
not too good,-1
teaching is not good,-1
very good,1
points are not understandable,0
Too bad,-1
hard to understand,-1
Slow voice so it's not that audible,0
Good,1
Not gud behavior,0
Excellent explaination ,1
Well planned and nice skillssss,1
Too worst.,-1
very bad and hard to understand,-1
Quite impressive teaching,1
Gud but Not much satisfied ,-1
More Hard work required regarding concepts clearing,-1
Awesome teaching skills,1
Low voice,-1
teaching  is neutral,0
teaching is good,1
very bad teaching,-1
teaching is excellent,1
is not good,-1
teaching is understandable,0
Teacher was good.,1
Explains well but unable to write content on blackboard,1
Easily available and understandable notes,1
Filthy,0
Not only taught as per syllabus but extra knowledge shared too,1
Always willing to explain,0
Easy to learn and make notes ,1
Gr8 lecturers with perfect knowledge,1
Many ideas are shared for logic development,1
Noteworthy lectures and can't forget those days,1
"Good reasoning sessions,very helpful",1
Filthy,0
Always well prepared,1
Efforts needed in presentation skills,0
Staff have many ways to explain  so it's easy to understand,1
Well teaching ,1
Enthusiastic teacher,1
Quite punctual,0
Happy with teaching stuff.....,1
Excellence in performing is required,1
Hard working staff,-1
not,0
Worst,-1
teaching is very good,1
Great jobbbb,1
expectations not fulfilled,-1
Best technical knowledge,1
teaching is not good,-1
Amazing ways to learn & explore ,1
Bad,-1
Well versed and experience is gud,1
Okay but can change some ways to teachh,1
excellent teaching,1
required points are covered,0
excellent teaching provided,1
Worst,-1
not understandable,0
very bad,-1
poor teaching,-1
teaching is not good,-1
Too worst.,-1
Well prepared teachers,1
Concept wise okay,1
Can be more interactive,0
Fine ,1
Filthy.,0
Handwriting can't be understood,0
Worst concepts,-1
good but skills can be improved in pronunciation,1
needs to improve a lot,1
Excellent teaching,1
My goodness how impressive!!,1
can improve the way of explanation,1
awesome teachers,1
technologywise improvement must happen,1
Dedicated score,1
Best in the world,1
Filthy,0
teaching is  good but,1
Very funny person ,1
not good,-1
Bad,-1
excellent,1
Awesom,0
Having fun to learn new things,1
Strong points and fair enough as per exms,1
Bad,-1
Hard work regarding notes isn't that up to mark,-1
Teachers are very helpful anytime and any day always !!!,1
Very nice technique and quality experience,1
Well satisfied as per our results but can do much better regarding explanation,1
Can't handle the class full of too many students,0
Really bad explaination,-1
Weak communication skill,-1
Can't interact that nicely with students,-1
Weak in programming concepts,-1
Only teach in short ,0
No knowledge of curriculum,-1
Concepts arent cleared not the doubts,1
Imperfect english language,-1
Good but we won't understand the newly topics so well,1
Electronic concept aren't cleared ,-1
Maths part isn't well explained,-1
Worst,-1
Happy yet not satisfied teaching techniques,1
Maths is best explained but some sums are difficult for them to explain,-1
Poetical way of explaining is best,1
Peer tutoring isn't that good method,-1
Okay but not as per the curriculum mentioned,1
Continue scolding won't help,-1
Not helpful notes at all,-1
Not clearing my doubts n ignoring,-1
Voice not audible,0
good but needs to be improved,1
Too worst.,-1
Poor,-1
Teaching is not good,-1
Communication is not good but teaching is good,1
Not good,-1
Teaching is poor but communicates very well,1
Teaching is poor,-1
his teaching  skills needed to be better,1
teaching is good but voice is not audible,1
The lecturer not very well explained the topic. ,-1
The lectures are not very interesting and make me eager to listen to them. ,0
not good,-1
not understandable,0
"The lecturer not makes the lectures quite interesting and attractive and the
exercise class is not very useful”",1
unable to understand,0
very tough to understand,-1
 not good,-1
good enough and understandable,1
teaching is good,1
worst,-1
not too good,-1
very bad,-1
understandable,0
Teaching not good,-1
Teaching good but get diverted with phone call,1
Too bad,-1
Teaching is poor,-1
Voice is not audible,0
Lacks in communication,0
Not good,-1
 improvement needed,1
Irresponsible teachers,-1
Teachers need to improve themselves,1
English is not good,-1
Timing issues,0
Language pdoblems,0
No importance of time,-1
Bad behaviour,-1
Useless teachers,-1
Cant expect this from teachers,0
English problem,-1
Filthy,0
Syllabus incomplete ,0
Rude behaviour,-1
Lazy habits,-1
Language problems,-1
Fine but practically not clear concepts,-1
Poor language ,-1
English problems,-1
No time importance,-1
Poor behaviour,-1
No strictness in class,-1
Teaching is good but low voice,-1
English is poor but good explaination,1
Teaching is good but timing issues,1
Teaching is good but not language,1
Poor pronouncing but good teaching,1
Teaching is good but timing is not perfect,-1
Low voice but nice explaination,1
Teaching is good but timing issues,1
Explaination is good but poor english,-1
Teaching is good but poor dressing sense ,-1
very Good......and innovative,1
The instructor showed enthusiasm for the course component.,1
The course content provide by this teacher is not sufficient for exams,0
Finish course on time,0
Never finish course on time,0
The course content is good. But out dated.,1
Quite good course,1
Some contents are bad,-1
Not covered,0
The topics and assignments were at an appropriate level of difficulty.,-1
Covers everything,0
Course completed in time ,0
Whacky,0
Outstanding,1
Nice,1
Not paying much attention,0
Good ,1
Incredible course contents ,0
Course content is interesting,1
Great going courses,1
courses content are difficult to understand.,-1
Nice courses,1
Filthy,0
The content is excellent,1
I expect the content to be raised to the standard which is required,0
Contents are quite informative,0
The instructor was not interested in course.,-1
Bad,-1
very bad,-1
Includes various concepts which are explained thoroughly. ,0
The course content is not precise and module as a whole is not very well delivered ,-1
I learned a lot from taking this course component.,0
Some other courses can be added.,0
Highly rated content.,0
the course content is too easy but don't explain it nicely,-1
Courses are Knowledgeable.,0
The course component was stimulating.,1
Neutral ,0
awesome,1
Excellent courses,1
the courses is easy to understand,1
Need to work on contents,0
No need of Extra courses,-1
course content is excellent,1
The content taught was easy to understand.,1
The syllabus of each course was not challenging,-1
good but needs to be improved,1
Good,1
Worst,-1
Not satisfied,-1
Nice notes and easy to understand ,1
Background for benefiting from the courses was noot goood,0
Good,1
not completed on time,0
Too worst.,-1
average completion of course,0
all the things get covered,0
completion is always late,0
whole syllabus covered in time,0
somehow completed,0
not helpful for exams,-1
Up to mark,0
Okay,1
Well versed,1
Happy with courses ,1
Not well versed ,-1
helpful courses provided,1
Great courses ,1
Filthy,0
Irrelevant,0
Okay,1
Nice,1
Okay,1
innovative courses,1
not covered in time,0
completed till the date,0
not completed ,0
completed in time but,0
Too worst.,-1
very good,1
Good coursecontent. It was informative,1
Good,1
Interaction needed,0
Very Helpful,1
Excellent course!,1
Goooooooooddd,0
Too much syllabus,0
Perfecttt,0
Appreciable course contents,0
Phenomenal,0
Good,1
Very amazing courses,1
Outstanding,1
Good ,1
Filthy,0
Nicer,1
Helpful courses ,1
Gud,0
Too many courses,0
Well versed ,1
completed within time,0
Cool,1
not completed,0
Filthy,0
Excellent,1
courses are relevant to syllabus only,0
Course content is too much,0
very good but,1
Bad,-1
Gr8,1
Nice ,1
Superb,1
relevant courses are in teaching,0
courses are not completed,0
courses completed in time,0
not easy to learn,-1
courses are completed ,0
courses are conducted in time,0
Too bad,-1
completed in time,0
Gives the basic knowledge of every thing.,0
Contents are well delivered,1
Does not give enough time to develop skills.,0
Okayyz,0
Well planned,1
Okay,1
better than before but it can be improved more,1
its the best course ,1
Awesome ,1
Good course,1
its rubbish.... how could one design such a worst curriculam,-1
With the new technologies course is evolving ,0
average in some subjects,0
Too worst.,-1
Okay okay,1
irrelevant courses ,0
Courses aren't updated,0
completed with good knowledge,1
very good and understandable,1
Happy with courses,1
Satisfied with contentss,1
Okay,1
Quite better,1
Contents are too heavy to understand,0
Perfectt,0
Nicer,1
Well versed,1
Not gud,0
Not good,-1
Not good,-1
Weak planning done ,-1
Okay,1
Okay,1
Okay,1
Okay,1
Okay,1
Filthy,0
Good,1
Okay,1
Good,1
Okay,1
Nyccc,0
Okayz,0
Is gudd,0
Okay,1
Okay,1
Nice,1
To small,0
Finshes on time,0
Bad,-1
Bad,-1
Too large,0
Never finshes on time,0
Never finishes on time,0
Finshes on time,0
Not good,-1
the contents are not very well explained,-1
contents are not very well explained,-1
The content has not fuelled my interest in this area of content,-1
 The contents are not with real-time examples so I am not able to understand better,1
course content is not completed,0
partially completed,0
Not Detailed explanations and clarity,1
hard to learn,-1
partially completed,0
not completed in time,0
not completed,0
completed,0
not completed,0
Too worst.,-1
very hard to understand,-1
incomplete always,0
not completed,0
Finish all course in it,0
Never finshes in time,0
Large  content,0
Never finishes in time,0
Never get finishes on time,0
Not completed,0
Incomplete ,0
Incomplete,0
Not finished,0
Syllabus is too much,0
Difficult,-1
Hard to understand,-1
Too worst.,-1
Necessary syllabus is not available ,0
Worthless syllabus ,-1
Vast syllabus,0
Hard to understand,-1
Very hard,-1
Hard to understand ,-1
Useless content,-1
Vast but not deep,0
Deep but useless,-1
Not that easy to understand,-1
Hard,-1
Vast,0
Vast but useless,-1
Very hard,-1
Vast and hard,-1
Vast but easy,1
Easy but not deep,1
Easy but not worthy,-1
Difficult but not vast,-1
Vast but deep,0
Deep but easy,1
Hard but not so large,-1
Easy but not deep,1
Vast but not deep,0
Too bad,-1
Easy but vast,1
Examination pattern is good but it can be done better,1
He was not prepared to explain the course for examination.,-1
at the time of examination the provided content  is not good but he explain it nicely,1
Patern is easy,1
Easy,1
Examination is okay. But can be good.,1
Poor,-1
Excellent,1
Very hard,-1
The amount of material covered was inappropriate.,0
Tough,-1
Easy to learn pattern ,1
Bad,-1
I hate using my Brain right now,-1
Improvement needed ,1
Hard work needed ,-1
Marvelous ,1
Superb,1
Orderly schedule is followed for examination,0
the course content is not enough for examination,0
Exams aren't as per expectations,0
The syllabus for examination is too more than to read.,0
Fine work,1
Examination is not conducted in good manner. It needs improvement,1
Worst,-1
Exams are standardized  enough to meet the qualification requirments.,0
Supervisors are needed ,0
what the instructor taught and what comes up in the exam are not similar,0
average,0
Should be conducted in a non chaotic way. ,-1
"The clarity of the material provided and the simplicity and the breaking down
in the handouts",1
the question appeared in the exam are good and easy,1
Exams aren't started on time,0
Includes odd questions which have no importance.,-1
they don't give enough time to complete the paper,0
Practical exams arent conducted well,-1
The topics and assignments were at an appropriate level of difficulty.,-1
Excellent ,1
ok ok,1
Timetable aren't updated,0
question appeared in are not from syllabus,0
Okay!!,1
Well versed,1
pattern needs to improve a lot,1
The teacher shared  important points in course for exam.,1
able to write answers in that given time ,0
very goooooddddd pattern,0
Awesomemeeee,0
Boring,-1
Always important to check what one has learned ,1
can able to write answer without reading ,0
Perfect plans,1
poor,-1
very critical,-1
easy,1
exams were  very hard,-1
was too easy,1
exams was easy,1
very critical,-1
Satisfactory,1
Gud,0
Okayyy....,0
Niceee,0
Okay,1
pattern was hard,-1
Easy examination due to planned courses,1
Out of syllabus questions,0
Okay,1
Wonderfullll,0
Nicer,1
very good,1
questions were hard to understand,-1
very good,1
not so good,-1
exams was too tough,-1
good,1
Disciplined and strict examination,0
Exams schedule is good but can be done much better,1
Poor printing,-1
Gud,0
Very clearly organised,1
Okay,1
Out of syllabus questions asked ,0
Its gr8,1
Gr8 going,1
Proper exams are conducted ,0
Nyccc,0
Well structured,1
Gr88,0
Nice ,1
Out of sllybus is asked ,0
Not that easy,-1
Fabbb,0
Good,1
Nice,1
not good,-1
Easy to score,1
complex and hard questions,-1
Gooddd,0
exams were hard,-1
Okay,1
very hard,-1
Fine,1
Good,1
Outstanding,1
very hard,-1
hard numericals,-1
excellent,1
very hard,-1
very hard to understand the questions,-1
exams were very tough,-1
the exam was good,1
Good,1
Amazing,1
Examination does not test skills.,0
Perfect,1
Fy9,0
Okay,1
pattern is not satisfactory,-1
ok ok,1
Best,1
Remarkable,1
very bad examination pattern,-1
it takes good effort to give exams. question level is  moderate,1
pattern is well structured,1
Gr88,0
Practicals are not conducted well,-1
was too critical,-1
Intellectual needed ,1
excellent,1
good and solvable,1
Gud,0
Gud 1,0
Nice,1
Btter,0
Sometimes too many exam bring stress in life,-1
Awesomeee,0
Goooooood,0
Fine,1
Okay,1
Fine,1
Unhappy,-1
Not well planned schedules,-1
Good,1
Okay,1
Good,1
Nice,1
Finee,0
Good,1
Nice,1
Cool,1
Nice,1
Nyccc,0
Fy9,0
Okay,1
Nice,1
Fine,1
Nice,1
good but not great,-1
Simple,0
Not good,-1
Lengthy,0
Tough,-1
Tough,-1
Tough,-1
Tough,-1
the questions are not that much tough,1
they asked theory question too much  but never concentrate on facts,0
The content has not fuelled my interest in this area.,-1
 I not able to understand the questions better in the examination,1
very poor,-1
not understandable,0
Course is not very nice and lecturer is also not interesting and very helpful”,-1
very tough,-1
hard,-1
too hard,-1
very critical,-1
not bad,1
good but not great,-1
good enough but not,1
numericals were critical ,-1
tough to solve,1
Easy but not good,-1
Have tough questions,-1
Tough,-1
Tough,-1
Tough questions,-1
Not well managed,-1
Guarding issues,0
Bad environment,-1
Examination halls are not good,-1
Supervision is not that good,-1
Un scheduled ,0
Proper management required,0
Supervision is poor,-1
Proper attention required,0
Poor checking,-1
Halls are not good,-1
Poor management,-1
No Proper schedule ,-1
No strictness in examination ,-1
Improper judgement,0
Hygiene required,0
Okay,1
No Discipline,-1
No proper sitting arrangement,-1
Poor supervision,-1
Conjusted exam halls,0
No water arrangement,-1
Supervision is good but not strict,1
Halls are conjusted but great environment ,1
Okay okay,1
Strict but no discipline ,-1
All is good except timing,1
Sitting arrangements are good but no ventilation ,-1
All is good except sitting arrangement,1
Sitting arrangement is good but poor supervision,-1
Good supervision but poor management,-1
Good management but no ventilation ,-1
practicals are conducted regularly and in appropriate manner,0
The instructor was not prepared for the session but he explained it in a good manner.,1
in practicle exam he helped us a lot,0
Easy,1
Good,1
Good,1
Excellent,1
Average,0
Good,1
 The goals were achieved to a significant extent.,1
No focus on labwork,-1
Manuals weren't upto date ,0
I love labs,1
Successful effort !!!!,1
Superb lab but not that perfect teacher ,-1
Noteworthy,0
Clever,1
Improvement is required,1
Equipment in the lab is in good working condition,1
Doubts aren't cleared,-1
the lab faculty is comparatively better than anything else in the college,1
Labs are cleaned ,0
Machines are good but practicals are not upto the mark,1
"Excellent lab work,  assignments were carried on successfully.",1
Internet problems are seen,-1
 management is not good enough according to the amount they charge,-1
very bad,-1
Labwork is done properly but assignments need to be upto the marks. ,0
Goals were achieved ,0
the teachers unable to communicate in proper language,0
Good contents and enthusiastic staff members.,1
Needs to be conducted in a teamwork. ,0
Infrastructure and Lab facilities are not good,-1
Case study classes are very interesting.,1
They are very friendly and supportive,1
Good ,1
Very bad infrastructure,-1
Discussion are carried out for understanding purpose.,0
Equipment in the lab are not in good working condition,-1
Well maintained!!,1
Chairs in the labs aren't good,-1
very bad infrastructure,-1
Lab practicals was taken very good ,1
Reading material regarding praticles is not available,0
needs to be improved,1
Mind blowing!!!!!,0
Interesting,1
Practicals are very very important for each n every student. ,1
the equipments in lab are not in good condition ,-1
Interesting,1
very good labwork,1
not too good,-1
assignments are critical to understand,-1
assignments completed on time,0
excellent labwork,1
not much good,-1
tough syllabus in labwork,-1
Well enoughhhh!!,1
Not happy...With labs ,0
Well enough,1
Perfecttt,0
Clear labs !!!!,1
appreciable,0
Awesome management and teaching,1
Not that gud labs,0
Okay,1
Happy with lab guide,1
Okay but isn't that clean and gud,-1
manuals are not completed,0
lab work is good ,1
nice and helpful,1
assignments were completed in time,0
assignments were too hard,-1
awesome,1
Good but,1
Laboratories are well infrastructured but some pc are not working,1
Avg,0
Interesting lab tasks:),1
Really focused training faculty.,1
Gr888,0
More than expectations,0
Nycc,0
Honourable work carried,1
Expertise faculty needed for concept clearing,0
Interesting assignments for interest development,1
Manuals are difficult to understand!!!!,-1
Okay,1
Outstanding,1
Not that gud,0
Requires for brain development skills like coding,1
Fabbb,0
Sufficient practice is conducted ,0
Good,1
excellent,1
Interest could be developed more,1
satisfactory lab work provided,1
Nice,1
lab work is not satisfactory,-1
Nice,1
manuals are not completed,0
Great teaching,1
Labs are clean and well maintained,1
Amazing,1
not satisfactory,-1
assignments are  easy to understand,1
practicals are conducted regularly,0
assignments completed in time,0
labs are very good,1
manuals are completed in time,0
useful assignments taught by teacher,1
Can be more experimental,0
Fabbbbb,0
Labwork gives more practical knowledge,0
Okay,1
Its nice to learn in labs ,1
Quite easy to understand sessions,1
needs to improve,1
average,0
All apparatus are well maintained,1
Excellent labs ....,1
its average when we talk about pc,0
must be repaired since it has leakages on the roof,0
machines are not upgraded,0
Communication problem,-1
Complicated place to work,0
assignments are completed before time,0
Sufficient space ,0
good enough,1
assignments are easy to learn,1
Kinda cleanliness needed,0
Niceeeeee,0
Happy with labs and practicals,1
Awesome and interest seeking labs,1
Nice,1
Fine,1
Just okay okay,1
Fine,1
Gooooood,0
Okayyz,0
Nice,1
Okay,1
Fine,1
Lab assistant are needed to guide us well,1
No one is there for contact purpose,-1
Lab Entries aren't managed well,-1
Labs aren't clean,-1
Okay,1
Lab should have updated softwares,0
Clean n best,1
Perrrrrfectttt,0
Niceeeeee,0
Finee,0
Best,1
Okayz,0
Quite active staff evrrrrrr,1
Never finishes on time,0
Up to date,0
Never finsh on time,0
Very bad,-1
Never finishes on time,0
Never finishes on time,0
Not good,-1
Explanation is poor,-1
the communication skills are not good but they explain it very well,1
not useful content and good lecturer,1
The lab equipment class is not very good ,-1
I like the topic but don't like  how it is taught,-1
assignments are not taught,0
hard assignments,-1
Lecturing style is not enganging,0
assignments implemented within time,0
assignments taught in easy manner,1
assignments completed n understandable,0
assignments completed according to syllabus,0
tough assignments,-1
bad experience,-1
taught properly,0
practicals are not easy,-1
assignments not covered,0
Good but,1
Doesnot provide practical knowledge,0
Poor,-1
Poor,-1
Never get finishes in time,0
Apparatus not available,0
Cleanliness issues,0
Problems in practicals,-1
Lab assistants are not properly educated,0
Devices are not well maintained,-1
Out dated devices,0
Equipments are not a available,0
Lab requires some renovation,0
Useless equipments,-1
Necessary equipments are not available,0
Uneducated lab technicians,0
Cleanliness issues,0
More equipments are required,0
Required equipments are not available ,0
Equipments required,0
More equipments required,0
Labs aren't opened in required timing,0
New equipments required,0
Old devices,0
Need more devices,0
Broken devices,-1
Poor technicians,-1
All the devices are available but not in working condition,0
All devices are good but require more,1
Require more trial kits,0
All required equipments are there but not maintained properly,0
All is there except cleanliness,0
All equipments are there but no rules,-1
Need more devices ,0
Require more practical kits,0
All is good except management,1
All equipments are there but some are not useable,0
some books are not provided and quality is very bad,-1
The library facilities are not good.,-1
the enviroment of library contributed to my spiritual growth.,1
All books are not available but hall is quite big,0
Good,1
Library is spacious,0
Excellent,1
Excellent,1
Everything is available,0
the environment of library helped us a lot for examination.,0
Manageable ,0
Books aren't available ,0
Okayzz,0
Good maintainence of books,1
Awesome ,1
Fabulous,1
Expert needed....,0
Gr8 facilities provided,1
The library staff is cooperative and helpful,1
"Clear, concise facilities given by library",1
 I was encouraged to think for myself.,1
Splendid job,1
great,1
Not upto the mark at which labwork is being done. ,0
Good management ,1
the seating arrangement is good but too noisy. ,0
great,1
No objections to such good facilities.,1
provide opportunities to learn procedural skills,1
The library staff is  not helpful,-1
Librarian can't handle other than English language ,0
"Facilities are satisfactory, but need to be improved.",1
library facilities are too good for preparing for exam.,1
Good maintaining and management skills of the members in library.,1
facilities are not good at exam time,-1
Improvement needed ,1
Good quality books,1
Outstanding facilities.,1
The prescribed books and  reading materials are available in the library,0
I am satisfied by facilities and some books contents.,1
Some books arent being ordered even after instructing librarian.,0
very good,1
We got lot of books in library.,0
the library material and facilities are very poor,-1
books are good. infrastructure is awesome,1
Superbbbbbb,0
Really amazing,1
There should be always someone who should suggest you what to read and understand person,0
nice atmosphere for studying,1
Good,1
excellent,1
books provided are very useful,1
very good,1
awesome experience,1
always helpful,1
awesome,1
always helpful and good,1
Awesommemeeeee,0
Magazines aren't available,0
Okay,1
Niceee,0
Language and communication problems are faced many times...,-1
not good,-1
Great staff coordination,1
Unclean librarry,0
Can do Better ,1
Amazing,1
No proper guidance,-1
nice,1
excellent functionalities are provided in library,1
all the requirements get fulfill,1
good facilities but,1
not good,-1
not good,-1
Good,1
Awesome and great,1
Gudd,0
Report is maintained for each book issued and easy to search any of the books,1
Effevtive plan and rules for our ease,1
Nice interaction with librarian ,1
Interesting eg to understand easily,1
Incredible ,0
F9,0
Amazing ,1
Very knowledgeable books .....,0
Nice books for referening,1
Complications faced with language and communication,0
Interesting ,1
Not that good,-1
Less no of books ,-1
Insufficient books ,0
Awesoooooome,0
Not that descent ,0
very bad,-1
Nice,1
library facilities are very good,1
Perfectly done ,1
excellent,1
Perfect,1
extra books are provided,0
Well comfortness to learn and handle books,1
Gud one ,0
Nicee,0
library facilities are very good,1
not good,-1
books re not available on time,0
high amount of books provided,0
facilities are excellent,1
books provided are useful,1
very nice,1
Good,1
Cooolll,0
Requires more books from international renounced authors.,0
Okay,1
Facilities are well taken care of ,1
Nice,1
very good facilities,1
books are not of good authors,-1
Everything is good ,1
Facilities are quite satisfactory,1
very good library facilities,1
some books are good,1
good in terms of programming subjects,1
Timing are not convenient ,0
Books are too old to read,0
books are provided,0
Great,1
not good,-1
different books are provided,0
Rocking,0
Gr8,1
Books timing should be increased,1
Facility in library are mind blowing even story books are available,0
Well organized library including cleanliness,1
Okay,1
Gr88888888,0
Nice,1
Nice,1
Perfect,1
Perfect,1
Happy and satisfied,1
Okay,1
Online journals are available too,0
Some book are lost ,-1
Shelves aren't cleaned ,0
Reference books are not in good condition,-1
Internet access isnt good sometimes for research,-1
Some times central card isnt allowed for books exchange which is annoying !!!!,-1
Good,1
Best,1
Literature related books are not there,0
Seems like Historical place ,1
Nice,1
Perfect and best too,1
Just casual approach towards returning books,1
Happy to be part of this library,1
Staff is not supportive,-1
Good,1
Not good,-1
Not good,-1
Lrage but not all books are available,0
Bad,-1
Not available,0
Library is not good,-1
the staff is good but not all books are available,1
"""The module id not useful ",-1
The library is not very good and helpful,1
the books are not in good condition,-1
good enough,1
less count of books available,0
The library classes are not good because they are not covering all the knowledge ,-1
bad experience,-1
not satisfactory,-1
not good,-1
all kind of books are available,0
all varieties are not available,0
good. availability of books,1
variety of data available,0
good and available always,1
all kind of books are available,0
Poor,-1
All books are not available,0
Not good,-1
Books are not in good position,-1
Books are lenghty,0
Torn books,-1
Books are not available,0
Needy books are not available,-1
Librarian is irresponsible ,-1
Books are not available,0
No space for study,-1
Wifi is necessary,0
No management of books,-1
Important books are not available,1
No sitting arrangements ,-1
Unnecessary books,0
Books are not available,0
Required books are not available,0
Old books,0
Wifi required,0
New books are required,0
Owner isn't experienced about books,0
Old books,0
Torn books,-1
No WiFi for students,-1
No new books,-1
Useless books,-1
Books are torn but useful,1
Books are there but not all,0
No wifi but proper sitting sitting arrangements ,-1
Books are old but useful,1
New books but useless,-1
Require more books,0
Books are much in quantity but useless,-1
All is good but no wifi,-1
No new books ,-1
Books are old but useable,0
No extracurricular activities are conducted,-1
They don't provide the time for extracurricular activities,0
they provide time for extracurricular but don't provide any activities,0
Excellent,1
Average,0
Good,1
Excellent,1
Excellent,1
No time for extracurricular,-1
they don't provide any work for this,0
Extracurricular activities are encouraged,1
Football and cricket included ,0
Few activities are conducted,0
Sports and other induction carried ,0
Many activities like singing and others,1
Amazingggggggg!!!,0
Perfect,1
Extracurricular activities should include physical fitness also.,1
they provide nice work for curricular activities.,1
Dedicated efforts are seen for extra curricular activities,1
provide enough time for doing activities,0
Impressive activities are carried out!!,1
Lot of activities are conducted,0
Activities are taken after properly. ,0
not enough time for doing this ,0
disgusting,-1
Are given importance equivalent to curricular activities.,1
The execution of academic contents like frankness and clarity in language But creativity and innovation is not supported ,1
The  staff is very cooperative.,0
Environmental friendly activities are conducted.,1
Inadequate response paid towards it. ,-1
The staff for curricular activities is good and helpful,1
There are activities conducted but they aren't as per our expectations.,0
The staff is very supportive,1
Well,1
Much needed!!!!,0
Practical knowledge isnt applied.,0
the staff is very cooperative,0
Encouraging and focus needed on sports skills.,1
"Other than sports some extra curricular activities like competition in Fields of coding ,IoT should be included.",1
very effective,1
Lot of activities we're conducted .,0
 material regarding extra activities is easily available,1
not sufficient,0
Amazinggg,0
Expertise required!!!!!,0
"Very important to build overall personality 
",1
staff is not cooperative,0
Mind blowing!!!!,0
many activities taken,0
no more time to extra activities,-1
always helpful,1
medium,0
activities are conducted in large amount,0
always conducted and helpful,1
not supportive to extracurricular,-1
Activities full of excitementt,0
Sportinesss,0
Can be more better,1
Its gud but Can add some more activities ,0
Quite excitiing,0
always conducted,0
Amazing!!!!!,1
Awesomeeee activities held in college,0
Niceee,0
Gudd,0
Perfectt,0
helpful and enjoyable,1
better to enjoy,1
helpful n encouragable,1
always helpful,1
excellent,1
nice activities taken,1
Good and necessary extracurricular provided,1
No extra  curricular activities are conducted,-1
Excitement for activities is unending,1
Very stimulating team conducting activities which attracts us to participate!!!!!!!,1
Many activities along with fitness and music are conductedd,1
Presentation skills get developed due to extra curricular activities!!,0
Many activities conducted,0
Need to encourage more students for participation via poster or speech....,1
Marvelous,1
Not that satisfied by management ,-1
Perfect in everyy aspects,1
Awesomeeeee activities,0
Always having something positive to explain,1
Can take us towards higher aspects of thinking and learning,0
Woowwww,0
One of the best platform to explore !!!!!,1
Can do better,1
Wonder-fullll,0
Cool,1
helpful and good,1
Good enoughhhh .....,1
always held motivational activities ,0
Better than before ,1
not conducted,0
All is fine but they shouldn't force anyone to participate,1
usually extra curricular activities takes place,0
More events or gaming can be included,0
Boring games ,-1
Sufficient for knowledge and enjoy,1
priorities are not given to extra curricular activities,0
 games given as top priority,1
sports is positive attribute,1
not in count,0
not conducted,0
not conducted,0
in average with education,0
Excellent,1
Gudd,0
Bad,-1
Niccer,0
All fields extra curricular included which increases the interest,1
Perfect one!!,1
some activities are good but some are bad,-1
best college for co curricular activities,1
Interesting ,1
Less attention is paid to extra curricular,0
best college for extra co curricular activities,1
no extra curricular activity like art is happening,1
no extra curricular activity is conducted,-1
International level competition should be included,0
All is well,1
games are the first priority,0
Effective ways for knowledge sharing,1
mostly arranged,0
sports competitions held,0
Fabbbbb,0
Not that muchh interesting ,-1
Fine,1
Various competition are conducted to develop our confidence and interest,1
Very much activities for students to explore,0
Mind blowing activities for entertainment!!!!!!!,1
Fantastic ,1
Its a moment where we can prove ourself!!,0
Bestest....,0
Well planned and focused on this section,1
Supperrbbb,0
Bestest,0
Nicer,1
Arts club is interesting,1
Maths club helps us to use more brains and is quite fun !!,1
Robotics club helps us to improve and develop and explore,1
Web designing club is best part for competition purpose,1
Science related activities are taken for interest and further future inspiration,1
Public social activities are perfect and develops humanity in students,1
Sports club is awesome,1
Biology club is boring for engineers like me,1
Physics club is boring and so I lost interest,-1
Architecture club is amazing and I can learn many arts from it,1
Management activities aren't there,0
High risk activities are included ,-1
Robotics is best 1....,1
National level competition are encouraged too this time,1
Staff is not supportive,-1
Good,1
Bad,-1
Good,1
Not available,0
Not available,0
Staff is not good but equipments are availble,-1
Staff is not good,-1
the staff is not supportive,-1
The teacher is very lazy,-1
not Well organised and not support,-1
not Very clear and up to date,-1
good,1
not in priority,0
"The balance between lectures, exercises and support material is not right",1
same as compare to study,0
not provided,0
same priority as study,0
sports in top ,1
always in top,1
not supported,-1
always in thinking,0
always in demand,-1
games at top,1
Not suportive,0
Staff is average,0
All equipmemts are not available,0
Noy always present,0
Poor communication,-1
No extracurricular activities ,-1
No extra activities ,-1
No teachers for that,-1
No extracurricular activities ,-1
No extra curricular activities,-1
Ok ok,1
Ground needs some improvement ,1
 Needs some attention ,0
No one is serious about it,-1
Need a good teacher,1
Requirement of some necessary asset's ,0
Poor condition of ground,-1
Extra classes are not available,0
Teachers should be informed about it,0
Swimming pool required,0
Fitness club is not available,1
Football club should be included,0
Fitness equipments requires,1
Ground condition is poor,-1
No gaming equipments,-1
Ground needs some attention,0
Teacher needs some attention,0
Okay okay,1
Require more equipments ,0
Teacher is good but not that much educated,1
All is good but no swimming pool,-1
Except fitness club all is there,1
All is there except indoor games,0
All is well except fitness equipments,1
Everything is fine except ground condition,1
Ground is in best condition but no gaming equipments,-1
No proper timing,-1
Contents of the course can be provided still. ,0
More number of e- resources should be increased,1
Faculty teaches well but should be punctual,1
Systems are not working properly,0
Voice levels of the faculty is low,-1
Boring class,-1
Books in the library is not in good condition,-1
Jntuk syllabus is not well structuted,-1
Power issues always in the lab,0
Fans and ACs won't work in the library,0
Still library facilities can be improvized,0
Faculty comes to class on time and teaches the contents well,1
Lab programmers behaviour with students should be professional ,0
R20 regulation course contents are good,1
They could include more real time applications in course contents,0
Good course contents,1
Lab facilities are upto mark,0
Faculty is superbbb,0
The faculty is very good ,1
The faculty is good ,1
Faculty is good ,1
Good ,1
Awesome,1
Good,1
Its good,1
Average,0
Positive,1
Its better,1
Negative,-1
It's good,1
Its average,0
The courses are very interesting and taught by excellent faculty. ,1
Not bad,1
Positive ,1
Excellent,1
Negative ,-1
The course content provided is excellent and the content is more useful ,1
Good,1
"The teaching is excellent and the faculty is very friendly towards to student,explains well",1
Subject faculty teaching with real time examples ,0
Very much satisfied ,1
"The lab facility is awesome, there is no disturbance in lab and the lab environment is very nice",1
Good facility overall,1
It is good,1
It is bad,-1
Not that satisfied probably ,-1
"The library infrastructure is excellent, all the books are available ",1
Lab facilities are nice. ,1
It is average,0
Extraordinary provisions ,0
Average,0
Subject faculty will be highly,0
Fine,1
Bad,-1
Good ,1
Good ,1
Good,1
Good,1
Bad,-1
Average,0
Library infrastructure is not bad. ,1
Good,1
Good ,1
Bad,-1
Good,1
Library infrastructure is not bad,1
Good,1
Average,0
Not bad,1
Not good,-1
Good ,1
Average ,0
Excellent ,1
Understanding ,0
Everything is ok. The courses are useful. ,1
Good,1
Average ,0
Very good,1
Good,1
Excellent,1
It is good ,1
Poor,-1
Average,0
Everything was good and it is very helpful,1
It is average ,0
It is bad,-1
It is excellent ,1
"Excellent,good,poor, average ",0
Library doesn't contain  sufficient books,0
Everything good but not as best,-1
The course content was amazing ,1
"Good, excellent, average,poor",1
It is good ,1
The course was good ,1
It is good,1
"Average, good, excellent,poor",1
It is average ,0
Lab faculty is not responding for doubts ,1
It is bad,-1
The course was not effective ,-1
Good,1
All are good,1
It is alright ,1
"It is very good , perfect and excellent",1
Average,0
Good ,1
Sometimes labs are Messy remaining all are good ,1
It is very bad,-1
It is very average,0
course content is really helpfull to gain more knownledge.,1
Lab facilities is not good improve facilities ,-1
Good,1
Simply good ,1
Excellent,1
Good,1
Average,0
Bad,-1
Good,1
Good,1
faculty teaching is very understandable and real time examples are giving to try to know about that subject,1
Bad,-1
It is good,1
Average,0
Good,1
It is average ,0
It is bad,-1
Good,1
It is more than average ,0
All Good,1
Very Good,1
Subject faculty should improve their knowledge ,1
"lab is really very usefull for us ,we are getting practical knownledge for more understanding.",0
All Good,1
not bad,1
"Excellent, if mam doesn't know something she will learn and later teaches us",1
Good,1
The syllabus is up to the mark.,0
Good ,1
Good,1
Good ,1
"Good, clarifies  doubts at any time ",1
Excellent ,1
Good,1
Very helpful Java course for students ,1
Good,1
Excellent ,1
Average ,0
Good ,1
It is very good ,1
Good,1
Good,1
It is average ,0
Giving good course content ,1
Excellent ,1
Super ,1
It is bad,-1
Subject Faculty is to improve knowledge on the course,1
Good ,1
It is good,1
Good ,1
Good,1
The lab facility is too good ,1
library is really useful for us to gain out of syllabus concepts in the specific subject.,1
Very interesting course ,1
All are very good in library infrastructure and and very good in faculty teaching ,1
Faculty teaching is very good their is no problem in faculty teaching ,1
Good ,1
Excellent ,1
Good,1
Course is not up to the mark,0
Excellent ,1
Excellent ,1
Lab faculty teaching very well giving good instructions ,1
Subject Faculty teaching is extra ordinary ,0
Good,1
Average ,0
Lab Facility is not good ,-1
Library infrastructure is very good ,1
Good,1
Good,1
Library Infrastructure is too good ,1
Java is very useful and in future it rules the software industry,1
Our faculty teaches more about the java and it will help us in our future,1
Good lab facility in my college ,1
Good,1
It's good ,1
It's avg,0
Labs are also very facilitate and we can work more programs in it,0
They need to improve ,1
Good,1
Good,1
Good,1
It's bad,-1
Good ,1
Infracture of library is good and there is more information about all the subjects and also more general knowledge books are also available,1
Good,1
Average,0
Overall experience was satisfiable ,1
Bad,-1
It is good,1
It didnt reach upto mark,0
It is excellent ,1
It is average,0
It is good,1
Good. We want better clarity in poc.,1
Good,1
Good,1
Poc - not understanding the explanation of sir ,0
Good,1
Good,1
It is good,1
It is excellent ,1
Good,1
Good,1
It is outstanding ,1
It is average ,0
Good course and we have very good faculty to teach us and the lab is average and the library is almost excellent ,1
They are highly skilled and course content is very useful,1
It is good ,1
Subject faculty teaching,0
It is average ,0
It is good ,1
It is average ,0
Good,1
Good,1
Good,1
Good,1
Good,1
Good,1
Good ,1
Good,1
Better ,1
The course content is practical with real life examples. ,0
Average ,0
Bad,-1
Good,1
Average,0
Bad teaching ,-1
Good,1
Lab explanation  was not good,-1
Teaching faculty is very excellent,1
positive ,1
Library infrastructure is better,1
Good,1
Good,1
Good,1
Good,1
We understand the topics clearly.,1
Too worst the library infrastructure,-1
It would be great more examples were provided ,1
Good,1
Average,0
Couse content can be improved. ,1
Excellent ,1
It's bad,-1
Nice ,1
Good,1
Bad,-1
Average ,0
Good,1
Average,0
Bad,-1
Super,1
Application based teaching is great. ,1
Good,1
The course was super and excellent very interesting ,1
It is good ,1
Good,1
It is average ,0
Good,1
The lab facilities was very Average ,0
Good ,1
Good,1
Bad,-1
Good,1
Average ,0
The are not clear in subject teaching ,-1
Good,1
Excellent ,1
Good ,1
It is good ,1
It is good ,1
Good ,1
Good,1
Good ,1
Good,1
Good,1
Teaching would be better if more examples were provided. ,1
Good,1
It is really good,1
It is average,0
Teaching could be improved,1
Lab facilities are top notch,1
It is bad ,-1
Good,1
Good,1
It is just ok,1
Average,0
Lab facilities could be better. ,1
Average,0
Poor,-1
Excellent ,1
Better ,1
Lab facilities are not up to the mark. ,0
Very good,1
excellent ,1
Average ,0
It's Good to understand the subject,1
Not bad,1
Worst ,-1
Technical course helps a lot to understand the concepts which are related to computers ,1
Good ,1
Library infrastructure is excellent. ,1
It's better to improve the faculty skills,1
It's average,0
Library infrastructure could be better. ,1
Good ,1
Good,1
Good ,1
Good ,1
Avg,0
Good ,1
Library infrastructure is not up to the mark. ,0
Super ,1
Worst,-1
Not bad,1
Better,1
Subject faculty is good they clarify our doubts which are related to subject ,1
It's good,1
It's average,0
Teaching,0
It's bad,-1
Lab facility  - good,1
It's excellent,1
Library infrastructure need to improve ,1
Subject faculty teaching is not proper,0
Good ,1
Lab facilities are good.To improve my knowledge practically Labs are very useful ,1
Good ,1
Good ,1
Good ,1
Course content is up to the mark,0
We have faculty has more content in subject,0
Teaching faculty is explaining with general examples ,0
Good ,1
Teaching is up to the mark,0
"There are lots of books in our library like subject related, motivational books , entrance exam like gate, great etc.. library books help us to understand the concept clearly ",1
Good ,1
Good,1
It is good,1
Better ,1
Good ,1
Bad,-1
It os bad,-1
Average ,0
Good,1
Average,0
It is average,0
Lab facilities is good but want se more,1
Ok,1
Excellent ,1
Bad,-1
Faculty can teach the subject in prograsive way,0
Not better,-1
Good,1
Lab facilities is not good and bearable,-1
Better,1
Average ,0
Average ,0
Good,1
Bad,-1
Nice,1
Good library infrastructure,1
Not bad,1
It is better,1
Average ,0
We have full lab facility,0
Worst ,-1
It's average ,0
Need more infrastructure in library ,0
Good ,1
Good,1
Need more facilities in labs also,0
Good,1
Bad,-1
Good ,1
Good,1
Average,0
Not bad ,1
Good,1
Average ,0
Very good ,1
Poor ,-1
Teaching of faculty is up to the mark we can't understand easily,-1
It's awsome,0
Good,1
Good ,1
Teaches in day to day examples ,0
Good,1
Good,1
Good,1
Library is very useful to read what kind of content which is useful in my exams,1
"DBMS, JAVA, FLAT, MEFA, p AND s also good subjects",1
Average,0
Needed better and more infrastructure facilities ,1
It is average ,0
It is good ,1
Average,0
It is bad,-1
It is above average ,0
"Overall all faculty, they were at good teaching our subjects",1
We can understand subject some what,0
All labs are good ,1
They can teach professor level like teachers in university ,1
It is upto the mark with sufficient examples,0
Nice infrastructure in our library ,1
We have so more instruments are there which is useful in my external 3xams,1
It's very good ,1
It is not upto the mark ,0
We have some books like freedom fighters ,1
"The course content is really good, it is very understandable.",1
Good,1
Very poor,-1
Its kk about library infrastructure ,1
The faculty teaching is just ok average but can understand without any problem.,1
Moderate,0
Good ,1
We have some instruments in my lab,0
Bad ,-1
Lab faculty are very good ,1
Very well teaching,1
Good,1
Average ,0
Teaching is very good understandable,1
Very bad facility,-1
Very good library intrastructure,1
Course content is good ,1
It is good,1
"The lab facilities that are provided are not at all useful the computers don't work properly , everytime we have to beat the box to make them start, it is really bad.",-1
This all are not upto the mark ,0
Very bad course content,-1
It is average,0
Infrastructure is so good ,1
Need some more resources ,0
All are fantastic ,1
The library Infrastructure is good provided with every book that is needed and with nice furniture present.,1
Upto the mark,0
It is good,1
It's fine,1
Need to improve ,1
Excellent ,1
Not bad,1
Average ,0
It's nice,1
Not bad,1
Better,1
Good,1
The course content delivered was excellent and  very helpful while doing coding. ,1
Average,0
Very interesting to listen to there teaching ,1
Good,1
Bad,-1
Good,1
Average,0
Average ,0
Above average ,0
Average,0
Good faculty ,1
Above average ,0
Nice,1
The faculty was very friendly. She is clarifying the doubts very neatly. She is also explaining some helpful competitive programming codes in class. ,1
Good,1
Good ,1
Average ,0
Good teaching ,1
Average ,0
By giving more examples ,1
Excellent facilities in lab ,1
Better ,1
Lab facility going friendly with us ,1
Good ,1
Lab requirements are too good,1
Can do even better ,1
Subject faculty coordination is good,1
Not there upto the mark ,0
Good,1
Library infrastructure well and nice,1
Need to explain with more examples ,0
Subject doubt clarification is awesome ,1
Teaching required more examples ,0
Lab knowledge is awesome  ,1
Faculty is doing well,1
Teaching faculty awesome ,1
Library availablility good,1
It is ok,1
It is not good,-1
It is not okay,-1
Library is peaceful and nice,1
Syllabus is not going well,-1
Good,1
Average,0
Good,1
Bad,-1
Labs are very clean and good,1
Good,1
Better,1
Good ,1
Perfect,1
Average ,0
Good ,1
Course Content Is Good. Which fulfills current Industry Requirements ,1
Not bad,1
It is very useful ,1
Nice,1
Subject Delivered By Faculty Is Good ,1
Good faculty,1
Lab Facilities Are Average Need To Do Some Improvements ,1
Lab facility provided is awesome. The network is good and the systems are working perfectly,1
Excellent faculty ,1
Really good,1
Good,1
a number of links to e-resources are given,1
a lot of resources are available,0
sufficient number of books are availlable,1
sufficient books are available ,0
sufficient books are not available,0
there are many books but are not of high quality,0
we did not see books at all,0
books are of high content ,0
books are available and sufficient,0
books are available but not of expected quality,0
books contained elaborated content and very useful for further exploration,1
books should be of more standard,0
books are of high content ,0
books are available and sufficient,0
books are available but not of expected quality,0
books contained elaborated content and very useful for further exploration,1
books are not given for study,0
books are not enough,0
more books can be provided,0
there are many books but are not of high quality,0
we did not see books at all,0
books are of high content ,0
sufficient number of books are availlable,1
there are many books but are not of high quality,0
we did not see books at all,0
books are of high content ,0
books are available and sufficient,0
books are available but not of expected quality,0
books contained elaborated content and very useful for further exploration,1
books should be of more standard,0
books are of high content ,0
books are available and sufficient,0
we did not see books at all,0
book quality is poor,-1
books quantity is high,0
books quality is high,0
books quality is not good,-1
there are many books but are not of high quality,0
sufficient books are available ,0
we did not see books at all,0
sufficient books are not available,0
resources are not available,0
resources are available but are not enough,0
resources are not at all available,0
resources are available in plenty,0
resources are available but are not free,-1
resources are rich and plenty,1
resources are plenty and all of them are useful,1
resources are worst,-1
resources are available in plenty,0
resources are available but are not free,-1
resources are rich and plenty,1
resources are plenty and all of them are useful,1
resources are not available,0
resources are not enough,0
resources are available in plenty,0
a lot of resources are available,0
resources are not available,0
resources are available but are not enough,0
resources are available but are not free,-1
resources are available in plenty,0
resources are available but are not free,-1
resources are rich and plenty,1
resources are plenty and all of them are useful,1
resources are not available,0
resources are not enough,0
resources are available in plenty,0
a lot of resources are available,0
resources are not available,0
resources are available but are not enough,0
e-sources are pleny,0
e-sources are available,0
e-sorces rae not avaiable,0
a lot of resourses are available,0
resources are plenty and all of them are useful,1
resources are rich and plenty,1
resources are rich and plenty,1
resources are available but are not free,-1
resources are available but are not enough,0
resources are available in plenty,0
resources are plenty and all of them are useful,1
resources are not available,0
resources are plenty and all of them are useful,1
resources are not available,0
resources are plenty and all of them are useful,1
a number of links to e-resources are given,1
resouces are not available,0
resources are not available,0
resources are easy to get,1
resources are not easy to access,-1
resources are available,0
e-sources are pleny,0
e-sources are available,0
e-sorces rae not avaiable,0
a lot of resourses are available,0
Good,1
Good,1
Library Infrastructure Is Good Which Helps To learn Subject and Helps to learn New Things,1
The course content is lively and captivating. ,1
Need to improve ,1
Need to improve,1
Required more examples ,0
Required more examples ,0
The library infrastructure is soo good. The surroundings are very pleasant and very convenient to study,1
Need more subject,0
Required more subject,0
Need to improve facilities ,1
Need to improve more facilities in library ,1
Need more equipment ,0
Need more equipment ,0
Need more explanation ,0
Need to more explanation ,0
Need more explanation ,0
Need more equipment ,0
Satisfied with teaching,1
Course content is good which helps to learn new  ,1
Satisfy with teaching ,1
Subject faculty is average need to do some improvement ,1
Java is huge content subject but it's nice to learn ,1
best,1
Lab facilities not good system need not up to mark,-1
Library infrastructure is good which helps in learning subject ,1
Good,1
Not bad,1
Average,0
The course content needs betterment,0
Bad,-1
Good ,1
Bad,-1
Better ,1
Average ,0
The course is moving well. ,1
Course Content Is Average Need to improve ,1
"It's ok we are understanding subject with Java bujji Babu sir teaching 
We don't have Java lab faculty don't take classes in practice lab they don't take classes ",1
Subject Teaching Is Good ,1
"Excellent, so enthusiastic to learn because faculty told content very clearly ",1
It is very useful & helpful content ,1
Labs Are Average Need To Upgrade Systems,0
good,1
Good,1
Course content is not upto the mark ,0
Library Infrastructure is Good which helps to learn more,1
"Excellent,but need some more reference books on programming languages",0
Subject faculty are giving real examples to understand more ,1
It is good ,1
Subject faculty teaching is up to the mark. ,0
It will be more useful by saying still more examples ,1
Library infra is very comfortable ,1
Lab facility is good and labs are also ,1
Faculty teaching needs quite improvement. ,1
good,1
Labs are not good sometimes ,-1
goog,0
average,0
Good,1
good,1
Library infra is very useful and to solve more examples it is very useful,1
Average ,0
It is the best choice ,1
good,1
Good explanation ,1
Yeah...The course was good and the faculty alsoo explain each and every topic very clearly.,1
Worst,-1
Little bit improvement ,1
good,1
Best ,1
There is no time for utilisation,-1
Classes are nlt upto the mark ,0
Subject faculty teaching is on the level. ,0
It will be very useful in java when giving more examples ,1
Lab facilities are provided well. ,1
Lab facilities need to be improved. ,1
I like the course and we know that the subject is vast... sometimes it is even difficult to understand.The faculty was also trying their best.The total entire program was average and wants some improvement.,1
average,0
superb good content,1
bad,-1
Okay good ,1
"The content and trainer ,both are amazing and I liked it",1
worst,-1
Lab facilities are not satisfying.,-1
Lab facility good,1
too bad,-1
Good teaching,1
Faculty teaching asli good,1
Library infrastructure is good. ,1
sir is teaching good we can understand very well,1
too worst,-1
good,1
good,1
Infrastructure can be modified.,0
Teaching is good,1
Good,1
I like the contents of the course but we want live examples more and hands on pratices,1
filthy,0
This subject is so good it is also easy . It depends on how students understanding this topic deeply . This subject is very useful in future also ,1
Subject faculty was good,1
Lab facility-good,0
Everything is fine but it would be better if library include some current regulation books that are required for students ,1
Lab facility is average ,0
Library infrastructure-good,0
Teaching is good clearly explaining about everything  so it will understand easily,1
Good ,1
New books  can be added to the library. ,0
Library infrastructure is good,1
Library is very useful to know about new things books are kowledge us so much thanks for library,1
It is useful ,1
Good,1
Good ,1
Course Content is Good But need to improve,1
Subject teaching is average,0
Labs are average need to upgrade systems,0
Library infrastructure is Good Which helps in learning more,1
The course content is worst. Even the topics are not clear to understand and where it is in the textbook,-1
Content is average ,0
Faculty teaching average,0
Faculty is also too bad. She didn't even know the basic syntax of java. Her explanation is also not clear,-1
Labs are horrible. Those are very dirty and that too some cables are bitten by rats,-1
Library is very small and Conjusted to study and environment is also very worst,-1
Lab facility is good ,1
Good,1
Library infrastructure is average ,0
It is very useful ,1
Course content is bad,-1
Faculty teaching is bad,-1
It was average ,0
Lab facility is bad ,-1
Good,1
Library infrastructure is bad,-1
Average ,0
Good,1
Good ,1
Average ,0
Bad,-1
Good ,1
Super,1
Average,0
Neutral,0
"Content provided is understandable to us, faculty teaching is excellent, lab faculty make students feel comfortable to ask doubts, and library is accessible to every student and",1
The course content is ok but it would be nice if we had extra content related,1
"The teaching of faculty is good, explanation is good",1
"The lab facility provided is average, there is some disturbance during the labs",-1
"The library infrastructure is not too bad, but it would be nice if we have some more books for subject ",1
The course content provided is not at all sufficient for our knowledge ,0
The teaching should be improved ,1
Good,1
Good,1
Good,1
The course content is nice ,1
Good,1
Good,1
"The lab facility provided is very bad, the facilities should be improved ",-1
The faculty teaching is good,1
Library infrastructure is too bad ,-1
The course content provided is more than enough for knowledge acquiring ,0
Lab facility is nice and good maintenance of lab,1
The faculty is teaching is awesome ,1
The lab facility provided is very good. ,1
Good ,1
Library infrastructure is good and organized,1
Average ,0
The library infrastructure is cool and calm,1
Better ,1
The course content is good ,1
It is good,1
It is average ,0
It is bad,-1
It is excellent ,1
Average,0
Good,1
Good ,1
Average ,0
Excellent ,1
Very good ,1
Good,1
Bad,-1
Average ,0
Excellent ,1
Yes it's a good course and they are teaching very  good  regrading the course ,1
The faculty is good and teaches us very well ,1
The lab is bit uncomfortable we need more labs to practice ,-1
Course is very useful,1
The library is good as well and we need more and more books to read on a particular subjects,1
It is good,1
It is bad,-1
Excellent,1
It is Average,0
It's extraordinary,0
Good,1
Good,1
Lab facility is good,1
Good,1
Good,1
Good,1
Everything is good,1
Good,1
K Gayathri ,0
K Gayathri ,0
Subject faculty teaching has to improve ,1
Good 👍 and we are okay to interact with subject faculty ,1
Lab instruments has to improve ,1
Course contents is good,1
Ita good and understandable ,1
The teacher explanation is moderately good,1
The lab facility is good but hoping for more lab hours,1
Able to find all the course subject books in the library ,0
Faculty is explaining so good,1
And want more examples ,1
Super ,1
Wonderful ,1
Excellent ,1
Well understandable teaching ,1
Very good ,1
Good ,1
Excellent books are available ,1
Average ,0
Good but explain one more time from starting concepts ,1
Course content is good,1
Lab facility is nice,1
 faculty teaching is best ,1
Library infrastructure is good,1
Lab,0
GOOD ,1
Library doesn't contain latest books books ,0
Course content,0
Lab facilities is not good,-1
Content is understandable,0
Systems are not working in lab,0
Subject syllabus completed ,0
Teaching excellent,1
It Is Excellent,1
Lab facility full of technical skills,0
It Is Good,1
Available all kind of books,0
It Is Not Bad,1
Highly efficient facaulty,1
It Is Bad,-1
Faculty teaching is very good ,1
worst,-1
Practically  knowledgable lab faculty,0
Highly qualified teachers,0
Teaching is super,1
Faculty was super,1
The course is good,1
too worst,-1
The facility are average ,0
faculty not maintained the class,0
faculty is not good in maintainance,-1
too worst,-1
factulty need to improve to maintain class,1
faculty is not good to maintain,-1
faculty need to control the class,0
bad,-1
faculty not controlled,0
faculty use advanced metedologies to deal with class,1
filthy,0
faculty not maintained the class,0
faculty not controlled,0
faculty deal with the class nice,1
too bad,-1
faculty is passionate ,1
faculty lack communication skills and programming skills,-1
faculty are well versed with topics,1
faculty cannot control class,0
filthy,0
The course is good ,1
The lab facility is good,1
The course is good ,1
worst,-1
The faculty are good,1
Lab Facility ,0
Not satisfied  with the course content.,-1
Faculty  is good and can understand  the concept well.,1
Coding in NetBeans is much better  than in notepad  but lab is good too.,1
Good so far,1
Course content is good but need more improvement in the topics included,1
Faculty is some what better but the explanation is not clear and she is not able to clarify the doubts,-1
Lab facilities are not upto the mark need much improvement in computer network connections,1
Library facilities are ok but the room is soo conjusted and lighting is also not good,-1
Bad,-1
Very bad,-1
"Course content is good, subject teaching faculty was teaching good what they are teaching we learn,we understand should that,lab faculty also same, library infrastructure is also same",1
It is good,1
It is average,0
It is bad,-1
It is excellent,1
Nice ,1
Good ,1
Average ,0
Excellent,1
Library infrastructure is amazing,1
Faculty are very good. ,1
Lab is  good. ,1
Teaching is horrible. I didn't even expect this kind of explanation. The faculty is going very fast. We can't even catch her. Explanation is also not clear. ,-1
There are no words to tell about the content. It is very worst content. It is not even  helpful for placements. The level is very basic. ,-1
Average,0
It is average ,0
It is good,1
It is bad ,-1
It  is good but need more real  time applications .,1
Good,1
Average,0
Average ,0
Good,1
Average ,0
Not clear ,-1
too bad,-1
Excellent ,1
It is good,1
It is average,0
It is bad,-1
It is ok,1
Good,1
too bad,-1
Good,1
filthy,0
Good,1
Good,1
filthy,0
"Java teaching is not good.The syllabus completion also not good.And lots of partiality.
Lab facility and library and everything is good. ",1
It is very helpful for me,1
bad,-1
There should be still more content ,0
too worst,-1
Subject is not up to the mark ,0
Library infrastructure is good,1
bad,-1
Subject faculty must be improved,1
Lab faculty are good,1
Teaching is satisfied ,1
Lab facility is good ,1
filthy,0
Course content of teacher is good and there examples also good and understanding by us,1
lab faculty should improve,1
Infrastructure is not good,-1
Course content is excellent,1
too bad,-1
Library infrastructure is very nice and we have lots of books to read,1
Faculty teaching is good,1
Library is good,1
Faculty is good,1
Course content is good,1
Course content is average,0
Facilities is some better they have improve some books in library ,1
Lab facility is better ,1
In library infrastructure they have to change some books ,0
Teaching is satisified,0
Some Extra equipment is need on labs,0
Course content delivered is sufficient for the students,0
Faculty teaching is insufficient for the placements,0
Labs are ok but need much more improvement ,1
too worst,-1
Library is excellent ,1
faculty has good knowledge,1
faculty should be improve their skills,1
faculty knowledge is good,1
too bad,-1
 knowledge is not that,0
faculty need to imrove more,0
faculty knowledge is not easy to understand,-1
faculty has good knowledge,1
doubts are not dealth properly,-1
doubts are managed and answered,-1
filthy,0
doubts are cleared promptly ,-1
most of the doubts are cleared ,-1
most of the doubts still there,-1
doubts not clarified,-1
doubts are not clarified,-1
faculty must be passionate ,1
knowledge of faculty is excellent,1
knowledge faculty is outstanding,1
faculty knowledge is not in high understand,0
faculty knowledge is not good,-1
knowledge of faculty is excellent,1
faculty has very poor knowledge,-1
knowledge of faculty is excellent,1
faculty has very poor knowledge,-1
faculty knowledge is not good,-1
doubts are still not cleared ,-1
all doubts are cleared ,-1
TOO WORST,-1
Doubts are cleared ,-1
some doubts are cleared well,1
doubts are overruled,-1
All the doubts are clarified with patience,-1
all doubts are cleared ,-1
most of the doubts are cleared ,-1
Doubts are cleared ,-1
faculty is not intrested to take classes,0
faculty delaing is extraordinary,0
TOO WORST,-1
Faculty handles the class with dignity,1
faculty is experinced to control the class,0
faculty cannot control class,0
Lab syllabus is not up to date ,0
lab syllabus is trivial,0
lab syllabus is trivial,0
lab syllabus is trivial not,0
lab syllabus contain advanced topics ,1
TOO BAD,-1
lab syllabus contain advanced topics ,1
lab syllabus is practical and latest,0
lab syllabus is exhaustive and well planned,1
too worst,-1
lab syllabus not up to standard,0
lab syallabus does not contain advanced topics and programs,-1
lab syllabus is not good,-1
lab syllabus is very huge,1
lab syllabus is not completed,0
lab syllabus is not correct,0
FILTHY,0
lab syllabus is trivial,0
bad,-1
lab syllabus not up to standard,0
lab syllabus does not match with industry,0
Lab syllabus is not up to date ,0
Lab syllabus is not practical and does not include latest trends in the industry ,0
lab syllabus not up to standard,0
FILTHY,0
lab syllabus has some advanced topics but others are basic,1
lab syllabus does not match with industry,0
lab syllabus contain advanced topics ,1
filthy,0
lab syallabus does not contain advanced topics and programs,-1
lab syllabus is trivial,0
lab syllabus is exhaustive and well planned,1
exams and assesments are conducted regularly,0
exams test prcatical knowledge rather than memory,0
TOO WORST,-1
exama and assesmenta are trivial,0
exams are taking too much time ,0
exams are really boring and useless,-1
exama are pretty short and simple,1
exams are tough and of high standard,-1
exams are pretty simple ,1
exams are thought provoking ,-1
TOO WORST,-1
exams are maintained at a good standard ,1
exams are good,1
exams are tough ,-1
exams test knowledge ,0
TOO BAD,-1
exams are simple ,0
exams are necessary,0
exams are waste of time,-1
worst,-1
exams are good,1
exams are simple ,0
exams must be conducted upto the mark,0
BAD,-1
exams and assesments are conducted well,1
exams are good,1
less time given for exam,0
inviligators are disturbing the exam,-1
not sufficient  for knowledge checking,0
less time given for exam,0
FILTHY,0
question papers are lengthy,0
inviligators are disturbing the exam,-1
exams are really boring and useless,-1
less time given for exam,0
filthy,0
question papers are lengthy,0
less time given for exam,0
exams are maintained at a good standard ,1
exams are not conducted year wise,-1
exams are easy,1
exams are not maintained that well,-1
Lectures are confusing but simple,-1
Filthy,0
worst,-1
exams are pretty simple ,1
Too worst,-1
exams test prcatical knowledge rather than memory,0
exams are very well maintained,1
Too worst,-1
the exams are conducted properly,0
exams are not conducted year wise,-1
exams conducting in irregular mannaer,0
exams conducting regularly,0
exams are pretty simple. School students can answer them easily.,1
e exams are not conducted,0
exams are not conducted year wise,-1
exams hard to write,-1
BAD,-1
assessments are not conducted properly,0
examsareconducted regularly,0
exams are simple,0
exams are boring,-1
exams are maintained at a good standard ,1
exams are not conducted year wise,-1
exams are easy,1
exams are not maintained that well,-1
Lectures are confusing but simple,-1
exams are taking too much time ,0
exams are pretty simple ,1
exams test prcatical knowledge rather than memory,0
Too worst,-1
exams and assesments are conducted regularly,0
exams test prcatical knowledge rather than memory,0
exama and assesmenta are trivial,0
lab syllabus has state of art research topics,0
The Lab Syllabus is updated for every 6 months based on the present technologies,0
lab syllabus is not designed with beginners in mind ,0
faculty lack communication skills and programming skills,-1
faculty are well versed with topics,1
Filthy,0
faculty cannot control class,0
faculty is passionate ,1
faculty is experinced to control the class,0
faculty is not completely committed,-1
faculty use advanced metedologies to deal with class,1
Too worst,-1
faculty is experinced to control the class,0
faculty is not intrested to take classes,0
faculty delaing is extraordinary,0
Worst,-1
faculty not maintained the class,0
faculty is not good in maintainance,-1
factulty need to improve to maintain class,1
Bad,-1
faculty is not good to maintain,-1
faculty need to control the class,0
faculty not controlled,0
Worst,-1
faculty use advanced metedologies to deal with class,1
faculty not maintained the class,0
Too worst,-1
faculty not controlled,0
faculty deal with the class nice,1
Filthy,0
faculty is passionate ,1
faculty lack communication skills and programming skills,-1
Too worst,-1
faculty are well versed with topics,1
Filthy,0
faculty cannot control class,0
TOO WORST,-1
Faculty handles the class with dignity,1
faculty is experinced to control the class,0
Bad,-1
tooooo worssttttt,-1
superrrrrrr,1
omg,0
ok but worst,0
improve it y'all,0
